<?xml version="1.0" encoding="UTF-8"?>
<CustomMetadata xmlns="http://soap.sforce.com/2006/04/metadata" xmlns:xsi="http://www.w3.org/2001/XMLSchema-instance" xmlns:xsd="http://www.w3.org/2001/XMLSchema">
    <label>Filter 1</label>
    <protected>false</protected>
    <values>
        <field>Fields_Api_Name__c</field>
        <value xsi:type="xsd:string">Name,AnnualRevenue,OwnerId</value>
    </values>
    <values>
        <field>Object_Api_Name__c</field>
        <value xsi:type="xsd:string">Account</value>
    </values>
</CustomMetadata>
