<?xml version="1.0" encoding="UTF-8"?>
<LightningComponentBundle xmlns="http://soap.sforce.com/2006/04/metadata">
    <apiVersion>61.0</apiVersion>
    <isExposed>true</isExposed>
    <masterLabel>Dynamic Record List</masterLabel>
    <description>Show lsit of filtered records.</description>
    <targets>
      <target>lightning__AppPage</target>
      <target>lightning__HomePage</target>
    </targets>
    <targetConfigs>
        <targetConfig targets="lightning__AppPage, lightning__HomePage">
          <property  label= "Title" name="title" type="String" />
        </targetConfig>
      </targetConfigs>
</LightningComponentBundle>
